name	repository	commit	path	sha256	bytes
pequod-cljs@71e44d3/csvgen.clj	msszczep/pequod-cljs	71e44d39a36a22b1acf9355baa7e96c20ad18273	src/clj/pequod_cljs/csvgen.clj	453e335898c0733e2b2dc3b574d357301bdece02b4f5e8159a57b3a42798e10a	91602
pequod-cljs@7757bb4/dep_data_process.py	msszczep/pequod-cljs	7757bb460557455e63c41652d0845d1b430c087e	bin/dep_data_process.py	a93ef8a3aa7e878851b62c5b707388451e51eee3a79c3c1090ebddd65de3b822	5051
pequod-cljs@dbcc1f1/dep1ex51.clj	msszczep/pequod-cljs	dbcc1f191fa6da3ba4f3a15968c7ee7bfe49e856	src/clj/pequod_cljs/dep1ex51.clj	f623f7339bb90cd9f1115e63fce0986e15d42c9afc0a7e1fe32cd50a3877c017	134
pequod-cljs@dbcc1f1/dep1ex60.clj	msszczep/pequod-cljs	dbcc1f191fa6da3ba4f3a15968c7ee7bfe49e856	src/clj/pequod_cljs/dep1ex60.clj	881d306bf191887db40528aa301c996b8f9fc4b0125f44c4372327693574b3c3	134
pequod-cljs@dbcc1f1/dep1ex61.clj	msszczep/pequod-cljs	dbcc1f191fa6da3ba4f3a15968c7ee7bfe49e856	src/clj/pequod_cljs/dep1ex61.clj	d1e4cb993f19badea7c4915d2a6eab02570d7f89b7280532175b96561419f061	134
pequod-cljs@dbcc1f1/dep1ex62.clj	msszczep/pequod-cljs	dbcc1f191fa6da3ba4f3a15968c7ee7bfe49e856	src/clj/pequod_cljs/dep1ex62.clj	7c89611665260d2837367b1027fd5e2ef50dabacc3b743ee0bddf8f924aa56e2	134
pequod-cljs@dbcc1f1/dep1ex63.clj	msszczep/pequod-cljs	dbcc1f191fa6da3ba4f3a15968c7ee7bfe49e856	src/clj/pequod_cljs/dep1ex63.clj	e3ae820a1d276f4dfd1bc5fa59468c945e5b8467888af68234ebc208ae86d5b2	134
pequod-cljs@dbcc1f1/dep1ex64.clj	msszczep/pequod-cljs	dbcc1f191fa6da3ba4f3a15968c7ee7bfe49e856	src/clj/pequod_cljs/dep1ex64.clj	aedf8bd2be380523ac67507d58f1a52e5de32cd45146d4822de5ee134e16872d	134
pequod-cljs@dbcc1f1/dep1ex65.clj	msszczep/pequod-cljs	dbcc1f191fa6da3ba4f3a15968c7ee7bfe49e856	src/clj/pequod_cljs/dep1ex65.clj	1b3d8a471c2336130c64099a395e1069b03fa0887f1612e64bdf33f3ab59f343	134
pequod-cljs@dbcc1f1/dep1ex66.clj	msszczep/pequod-cljs	dbcc1f191fa6da3ba4f3a15968c7ee7bfe49e856	src/clj/pequod_cljs/dep1ex66.clj	a092c98453f4b5aa34df622a38ded9b76606b7e8b1b41107e2cb9fb2dec9436a	134
pequod-cljs@dbcc1f1/dep1ex67.clj	msszczep/pequod-cljs	dbcc1f191fa6da3ba4f3a15968c7ee7bfe49e856	src/clj/pequod_cljs/dep1ex67.clj	f4e17cac7a8fdecc66cae0a5c976f2de5eed6c8981f58ecce02cd148adce5fa3	134
pequod-cljs@dbcc1f1/dep1ex68.clj	msszczep/pequod-cljs	dbcc1f191fa6da3ba4f3a15968c7ee7bfe49e856	src/clj/pequod_cljs/dep1ex68.clj	196baa469f45b864c1a4e2831192196c2f1a913e3de832cf8268cf63f6eb564d	134
pequod-cljs@dbcc1f1/dep1ex69.clj	msszczep/pequod-cljs	dbcc1f191fa6da3ba4f3a15968c7ee7bfe49e856	src/clj/pequod_cljs/dep1ex69.clj	e099efae2f71aaf6c1ce9fcba63b1ea4649578eff199a13a2f58eee7547fc945	134
pequod-cljs@dbcc1f1/dep1ex70.clj	msszczep/pequod-cljs	dbcc1f191fa6da3ba4f3a15968c7ee7bfe49e856	src/clj/pequod_cljs/dep1ex70.clj	403baf72facc5fe1c2f170379e3bb028cf2f1df80fdd93e2678ba34ddff21c37	134
pequod-cljs@dbcc1f1/dep1ex71.clj	msszczep/pequod-cljs	dbcc1f191fa6da3ba4f3a15968c7ee7bfe49e856	src/clj/pequod_cljs/dep1ex71.clj	73f39e0269e73666cce56e269737a98c61409e59420501952fc62151c152a25d	134
pequod-cljs@dbcc1f1/dep1ex72.clj	msszczep/pequod-cljs	dbcc1f191fa6da3ba4f3a15968c7ee7bfe49e856	src/clj/pequod_cljs/dep1ex72.clj	b1a11c80bb921e8850724d66ebe41b93f87d4fb2f6d3874d66622063bf046304	134
pequod-cljs@dbcc1f1/dep1ex73.clj	msszczep/pequod-cljs	dbcc1f191fa6da3ba4f3a15968c7ee7bfe49e856	src/clj/pequod_cljs/dep1ex73.clj	7a7b20069e057a557d9269b59352ebbb5e2945918e741e01beec9c3d52f8e17c	134
pequod-cljs@dbcc1f1/dep1ex74.clj	msszczep/pequod-cljs	dbcc1f191fa6da3ba4f3a15968c7ee7bfe49e856	src/clj/pequod_cljs/dep1ex74.clj	3a290e02408d63fd513a27bd03fc2fc4596422c0bacc7e318d004c8b3a0bdfd5	134
pequod-cljs@dbcc1f1/dep1ex75.clj	msszczep/pequod-cljs	dbcc1f191fa6da3ba4f3a15968c7ee7bfe49e856	src/clj/pequod_cljs/dep1ex75.clj	b7cb77918a8d042fe25790a5370ec5962fdd8af48976322a198dcfafe96ac642	134
pequod-cljs@dbcc1f1/dep1ex76.clj	msszczep/pequod-cljs	dbcc1f191fa6da3ba4f3a15968c7ee7bfe49e856	src/clj/pequod_cljs/dep1ex76.clj	179dd9ea060a7932c1d96ea4a4c62f5c401fc3e822dc6107b94918cee3a23456	134
pequod-cljs@dbcc1f1/dep1ex77.clj	msszczep/pequod-cljs	dbcc1f191fa6da3ba4f3a15968c7ee7bfe49e856	src/clj/pequod_cljs/dep1ex77.clj	6111ef5a207439b81e4bd785ebf6a3533033f65b76c2ac82a5d4b6cb5595a318	134
pequod-cljs@dbcc1f1/dep1ex78.clj	msszczep/pequod-cljs	dbcc1f191fa6da3ba4f3a15968c7ee7bfe49e856	src/clj/pequod_cljs/dep1ex78.clj	6ca34d4ec8e053712ada43695a6cd13dc89e0859e3bc78a0136df3bb20eb6990	134
pequod-cljs@df6dc57/dep1ex51.csv	msszczep/pequod-cljs	df6dc57743d2ebb4eb2f9e255472cc87e1f22a23	src/clj/pequod_cljs/dep1ex51.csv	cc80da3e007c3af6f48a2377ee51c460ad2734035ee6a6af0119b811f0ce0551	36295723
pequod-cljs@df6dc57/dep1ex52.csv	msszczep/pequod-cljs	df6dc57743d2ebb4eb2f9e255472cc87e1f22a23	src/clj/pequod_cljs/dep1ex52.csv	cff14c56a1cb2e2f0003c852d5612e2d25607594e3465bd143c9a36022a66af0	36293151
pequod-cljs@df6dc57/dep1ex53.csv	msszczep/pequod-cljs	df6dc57743d2ebb4eb2f9e255472cc87e1f22a23	src/clj/pequod_cljs/dep1ex53.csv	526c5ab4381b090217ef05e9bdaa2be4cae98130469fe72bed2b627eb6bb237f	37468853
pequod-cljs@df6dc57/dep1ex54.csv	msszczep/pequod-cljs	df6dc57743d2ebb4eb2f9e255472cc87e1f22a23	src/clj/pequod_cljs/dep1ex54.csv	77d66532ecb375c5052461d330d6475b8221c4a4161012005b7fe93325109352	37461491
pequod-cljs@df6dc57/dep1ex55.csv	msszczep/pequod-cljs	df6dc57743d2ebb4eb2f9e255472cc87e1f22a23	src/clj/pequod_cljs/dep1ex55.csv	af6f9798a74749bf1888bf360943387ee034e477cf708020116d399822f5a02a	36295487
pequod-cljs@df6dc57/dep1ex56.csv	msszczep/pequod-cljs	df6dc57743d2ebb4eb2f9e255472cc87e1f22a23	src/clj/pequod_cljs/dep1ex56.csv	43cfef99e74cee8045b5fc6669de9bded75c7b501733b42f9a7b87abba69e2fb	37462291
pequod-cljs@df6dc57/dep1ex57.csv	msszczep/pequod-cljs	df6dc57743d2ebb4eb2f9e255472cc87e1f22a23	src/clj/pequod_cljs/dep1ex57.csv	54d4fdaefdd68dd00bcf24ff408ade84e7ab6e531178d725eeafd17ec0bb0cf8	35117905
pequod-cljs@df6dc57/dep1ex58.csv	msszczep/pequod-cljs	df6dc57743d2ebb4eb2f9e255472cc87e1f22a23	src/clj/pequod_cljs/dep1ex58.csv	68a2872240b97578ebdebcfe34921d096d22baa31b94df7b13c47d8ed44d2295	35121945
pequod-cljs@df6dc57/dep1ex59.csv	msszczep/pequod-cljs	df6dc57743d2ebb4eb2f9e255472cc87e1f22a23	src/clj/pequod_cljs/dep1ex59.csv	61adca055f831b71159f780d8f3763ba8ccd7a7a419949c593cdf497ef8a84a6	36291724
pequod-cljs@df6dc57/dep1ex60.csv	msszczep/pequod-cljs	df6dc57743d2ebb4eb2f9e255472cc87e1f22a23	src/clj/pequod_cljs/dep1ex60.csv	12a8511c8fceaaef38aea31bc54b56468beca55783c1a999af68a029cf829006	35117971
pequod-cljs@df6dc57/dep1ex61.csv	msszczep/pequod-cljs	df6dc57743d2ebb4eb2f9e255472cc87e1f22a23	src/clj/pequod_cljs/dep1ex61.csv	07c15f9be60c4d54d1cb3e5fa67ee324fc7e25dc547ab0d81e50b3d1f813e2f6	36287650
pequod-cljs@df6dc57/dep1ex62.csv	msszczep/pequod-cljs	df6dc57743d2ebb4eb2f9e255472cc87e1f22a23	src/clj/pequod_cljs/dep1ex62.csv	7adc2eb14c860de4a47bc20bd9a95e1244205d811accacb4a66546c67730eafe	37464580
pequod-cljs@df6dc57/dep1ex63.csv	msszczep/pequod-cljs	df6dc57743d2ebb4eb2f9e255472cc87e1f22a23	src/clj/pequod_cljs/dep1ex63.csv	124574bec33fb7a28ceea2e35711646f9fd0ad66803ce6269973a05e78844e69	36291871
pequod-cljs@df6dc57/dep1ex64.csv	msszczep/pequod-cljs	df6dc57743d2ebb4eb2f9e255472cc87e1f22a23	src/clj/pequod_cljs/dep1ex64.csv	bc3d3f7b92b4ac842a1bbeba02d2bfe55948b342d3007e2a262fc5cb2c0bc2ca	35115615
pequod-cljs@df6dc57/dep1ex65.csv	msszczep/pequod-cljs	df6dc57743d2ebb4eb2f9e255472cc87e1f22a23	src/clj/pequod_cljs/dep1ex65.csv	ec02a2063388c90e7443288f99387711613ebb8e827b0155d805b56576e77a4b	35115706
pequod-cljs@df6dc57/dep1ex66.csv	msszczep/pequod-cljs	df6dc57743d2ebb4eb2f9e255472cc87e1f22a23	src/clj/pequod_cljs/dep1ex66.csv	8697cebfd56d56068c3dcaa64405ae11ec374c48759f805ff751227c9ffbb747	36293398
pequod-cljs@df6dc57/dep1ex67.csv	msszczep/pequod-cljs	df6dc57743d2ebb4eb2f9e255472cc87e1f22a23	src/clj/pequod_cljs/dep1ex67.csv	cbbe9078ddfe6ad19ac68998f624749afd7bb0aae7e6c58e3791e81b0e150d5f	37472122
pequod-cljs@df6dc57/dep1ex68.csv	msszczep/pequod-cljs	df6dc57743d2ebb4eb2f9e255472cc87e1f22a23	src/clj/pequod_cljs/dep1ex68.csv	713225c13d096cb66eab67183833c64a1f678e5a71bb79beb8f6c1d12640a808	36292783
pequod-cljs@df6dc57/dep1ex69.csv	msszczep/pequod-cljs	df6dc57743d2ebb4eb2f9e255472cc87e1f22a23	src/clj/pequod_cljs/dep1ex69.csv	a623e2e88afee3b9c904fe20896f0e290f0b1014d0da5051d356f0e91d67ea0a	35108268
pequod-cljs@df6dc57/dep1ex70.csv	msszczep/pequod-cljs	df6dc57743d2ebb4eb2f9e255472cc87e1f22a23	src/clj/pequod_cljs/dep1ex70.csv	4ccd9e669243e9cdbaa9d0cf807df2fb3dc62b19d246ecea8fd3e01175d02780	37472280
pequod-cljs@df6dc57/dep1ex71.csv	msszczep/pequod-cljs	df6dc57743d2ebb4eb2f9e255472cc87e1f22a23	src/clj/pequod_cljs/dep1ex71.csv	42819cb66af2d98469aa5e7cc66cff42ca959a0611a71da7ab808057ddac3072	37471261
pequod-cljs@df6dc57/dep1ex72.csv	msszczep/pequod-cljs	df6dc57743d2ebb4eb2f9e255472cc87e1f22a23	src/clj/pequod_cljs/dep1ex72.csv	df913c396cda1882a6a13fe7e49f0dd181b00137049589a93a07e68256d1d30e	36294416
pequod-cljs@df6dc57/dep1ex73.csv	msszczep/pequod-cljs	df6dc57743d2ebb4eb2f9e255472cc87e1f22a23	src/clj/pequod_cljs/dep1ex73.csv	c91cfd30468d33b4ea4d79db96892e8310a5f3f63888bbe267e2169be8eeadcd	36293927
pequod-cljs@df6dc57/dep1ex74.csv	msszczep/pequod-cljs	df6dc57743d2ebb4eb2f9e255472cc87e1f22a23	src/clj/pequod_cljs/dep1ex74.csv	6fd1e33c2fd4d16da59d2710aa5ef1be498b9d99953e8abe4e25fb56f64b7486	35112973
pequod-cljs@df6dc57/dep1ex75.csv	msszczep/pequod-cljs	df6dc57743d2ebb4eb2f9e255472cc87e1f22a23	src/clj/pequod_cljs/dep1ex75.csv	e0c65bee6043ef64a77f23a91780f89dd2d2237cb26d28e393a7a9a375c2cb98	35115401
pequod-cljs@df6dc57/dep1ex76.csv	msszczep/pequod-cljs	df6dc57743d2ebb4eb2f9e255472cc87e1f22a23	src/clj/pequod_cljs/dep1ex76.csv	cab8cb4fe88fc980c31f717fbe340349e37900086c0b55bd29a3c941866df2fa	36292786
pequod-cljs@df6dc57/dep1ex77.csv	msszczep/pequod-cljs	df6dc57743d2ebb4eb2f9e255472cc87e1f22a23	src/clj/pequod_cljs/dep1ex77.csv	5193daecc7625267eaaf50ee0faa7f649787e46ead957b739a370983fc746fb0	36290381
pequod-cljs@df6dc57/dep1ex78.csv	msszczep/pequod-cljs	df6dc57743d2ebb4eb2f9e255472cc87e1f22a23	src/clj/pequod_cljs/dep1ex78.csv	1645561f397ac67f9ef40b5b7bbee267be10653d047bef2f549cdc906a883d78	35111688
pequod-cljs@df6dc57/dep1ex79.csv	msszczep/pequod-cljs	df6dc57743d2ebb4eb2f9e255472cc87e1f22a23	src/clj/pequod_cljs/dep1ex79.csv	1f952119ccf23b549f40b8ff1f965c72b4c9282768fe9c04956482e9646bb2c6	35113182
pequod-cljs@df6dc57/dep1ex80.csv	msszczep/pequod-cljs	df6dc57743d2ebb4eb2f9e255472cc87e1f22a23	src/clj/pequod_cljs/dep1ex80.csv	b381ab92fbd6415f250f8b57ebc6e34a4e463402ae5c82a570477549578751f2	39820476
pequod-cljs@df6dc57/dep1ex81.csv	msszczep/pequod-cljs	df6dc57743d2ebb4eb2f9e255472cc87e1f22a23	src/clj/pequod_cljs/dep1ex81.csv	f1058f7d1c3d73c8c2748f4efee367a19ee4e40a280e1d97d7125293a4ea1cb4	35115161
pequod-cljs@df6dc57/dep1ex82.csv	msszczep/pequod-cljs	df6dc57743d2ebb4eb2f9e255472cc87e1f22a23	src/clj/pequod_cljs/dep1ex82.csv	1bcdabee87c53af1643f9b4f6e5e8d68a06b345182ef601bc8f416a12df37e48	36292912
pequod-cljs@df6dc57/dep1ex83.csv	msszczep/pequod-cljs	df6dc57743d2ebb4eb2f9e255472cc87e1f22a23	src/clj/pequod_cljs/dep1ex83.csv	fcf4ad51d4616c2157a6bc2459d0d17b9e05f8399b40c972059ac4491184ec5f	35112202
pequod-cljs@df6dc57/dep1ex84.csv	msszczep/pequod-cljs	df6dc57743d2ebb4eb2f9e255472cc87e1f22a23	src/clj/pequod_cljs/dep1ex84.csv	f7054164b7e358b0be705df9cb1951969bbd2dfc63baa07da451966abd78224c	37465663
pequod-cljs@df6dc57/dep1ex85.csv	msszczep/pequod-cljs	df6dc57743d2ebb4eb2f9e255472cc87e1f22a23	src/clj/pequod_cljs/dep1ex85.csv	94164ef2c785bf5c2fe4ef5997c69c90e4a6a8a5002cbf2c1b9fefd35023f7dc	35109455
pequod-cljs@df6dc57/dep1ex86.csv	msszczep/pequod-cljs	df6dc57743d2ebb4eb2f9e255472cc87e1f22a23	src/clj/pequod_cljs/dep1ex86.csv	bf0a6651d719b3728bce8cd14d961063737b1a35b362e2ec6f0c192969fed3d4	36287817
pequod-cljs@df6dc57/dep1ex87.csv	msszczep/pequod-cljs	df6dc57743d2ebb4eb2f9e255472cc87e1f22a23	src/clj/pequod_cljs/dep1ex87.csv	aedb93850f177b3dc9760e414cb323f837bf084bc2efa53ee30a459ba97ee1a3	35115705
pequod-cljs@df6dc57/dep1ex88.csv	msszczep/pequod-cljs	df6dc57743d2ebb4eb2f9e255472cc87e1f22a23	src/clj/pequod_cljs/dep1ex88.csv	0272f0d1ea89d4bd6e36e65ee22ef5cab80b7775034b361616713825ea3a6c9d	36294313
pequod-cljs@df6dc57/dep1ex89.csv	msszczep/pequod-cljs	df6dc57743d2ebb4eb2f9e255472cc87e1f22a23	src/clj/pequod_cljs/dep1ex89.csv	753e0ca7de62c9c29883c3c82f7b056957819e575548760a1dda0908d5261190	36295750
pequod-cljs@df6dc57/dep1ex90.csv	msszczep/pequod-cljs	df6dc57743d2ebb4eb2f9e255472cc87e1f22a23	src/clj/pequod_cljs/dep1ex90.csv	3c933442926d6bc742f40645ed35b404fe443141488c47ba78a36c022ecdc01d	35114023
pequod-cljs@df6dc57/dep1ex91.csv	msszczep/pequod-cljs	df6dc57743d2ebb4eb2f9e255472cc87e1f22a23	src/clj/pequod_cljs/dep1ex91.csv	e4202c10a14fde4b4a1e62f4d7a4e7d5b670d803fc2830d1ca762655c5248858	35115275
pequod-cljs@df6dc57/dep1ex92.csv	msszczep/pequod-cljs	df6dc57743d2ebb4eb2f9e255472cc87e1f22a23	src/clj/pequod_cljs/dep1ex92.csv	97cc5142af9f78443937c17129c3746315f99e4b7d62bb8e65dc53214a6381b9	36290652
pequod-cljs@df6dc57/dep1ex93.csv	msszczep/pequod-cljs	df6dc57743d2ebb4eb2f9e255472cc87e1f22a23	src/clj/pequod_cljs/dep1ex93.csv	6665071dcd99a5d4246d8b9931df653ccd4cd0b40d8008158197dfeaf92083e7	35112685
pequod-cljs@df6dc57/dep1ex94.csv	msszczep/pequod-cljs	df6dc57743d2ebb4eb2f9e255472cc87e1f22a23	src/clj/pequod_cljs/dep1ex94.csv	e42eb4fe5796d34fc82befe0aa9ac2b5ca688edda18aee1da0149611600d2cba	35107985
pequod-cljs@df6dc57/dep1ex95.csv	msszczep/pequod-cljs	df6dc57743d2ebb4eb2f9e255472cc87e1f22a23	src/clj/pequod_cljs/dep1ex95.csv	ed35d312092f99905d3c17e0a94fb7688fd9accc1aba5325835ea146629aea14	35109581
pequod-cljs@df6dc57/dep1ex96.csv	msszczep/pequod-cljs	df6dc57743d2ebb4eb2f9e255472cc87e1f22a23	src/clj/pequod_cljs/dep1ex96.csv	746888c64a4280ac52b12dcc6221016b27f5321d708155f29f681ea8e3674843	36290716
pequod-cljs@df6dc57/dep1ex97.csv	msszczep/pequod-cljs	df6dc57743d2ebb4eb2f9e255472cc87e1f22a23	src/clj/pequod_cljs/dep1ex97.csv	b8ea14e97bd5d2d8f74c53a986fd6450fd8b85983cee5dcfe32e699f9d1af99b	37464022
pequod-cljs@df6dc57/dep1ex98.csv	msszczep/pequod-cljs	df6dc57743d2ebb4eb2f9e255472cc87e1f22a23	src/clj/pequod_cljs/dep1ex98.csv	cbed5fe682a425af79589c0439a090893f60bae691b635120b15d95d85bf4191	33938765
pequod-cljs@df6dc57/dep1ex99.csv	msszczep/pequod-cljs	df6dc57743d2ebb4eb2f9e255472cc87e1f22a23	src/clj/pequod_cljs/dep1ex99.csv	f57a670c3ec54e17ffff6d38a3db62dc14d7a4f3d9284141efbbbee2fe6971b7	36298019
pequod-cljs@df6dc57/dep1ex100.csv	msszczep/pequod-cljs	df6dc57743d2ebb4eb2f9e255472cc87e1f22a23	src/clj/pequod_cljs/dep1ex100.csv	17dfa22afba5b35e576c02b46353ff9e4c29c9ba0d69e51b32b6d6c02524990e	36285459
dep1ex01.clj.gz	www.szcz.org	-	depexperiments/dep1ex01.clj.gz	98a51525a7e34cfa67fee78731a2e2056790fd33bdc4f3d66c9373ab2ddbded8	56130708
dep1ex02.clj.gz	www.szcz.org	-	depexperiments/dep1ex02.clj.gz	3510c4a8d1a9be4a4220cddcfa4c5943a82c96f8b91137447f2ed6fc842bff8f	56131211
dep1ex03.clj.gz	www.szcz.org	-	depexperiments/dep1ex03.clj.gz	0241b6903e451c5c77b82f0debfbbfd404970ba019be5e29344431047db1cc2f	56135844
dep1ex04.clj.gz	www.szcz.org	-	depexperiments/dep1ex04.clj.gz	e75be3cf363beb38a8f075e5fa9342019c0d3386732b74365f0fae6f5b4eb6dd	56135136
dep1ex05.clj.gz	www.szcz.org	-	depexperiments/dep1ex05.clj.gz	5f2ccd711615f37db45baa291c3c0851d19c07fbfec271323c341071b164c5c3	56131742
dep1ex06.clj.gz	www.szcz.org	-	depexperiments/dep1ex06.clj.gz	aa6d4bdb83b837b6cbee252cfe6bb9ec75c5111850b643512dbc77a3d0ba9c4a	56136734
dep1ex07.clj.gz	www.szcz.org	-	depexperiments/dep1ex07.clj.gz	624d113971b2ca079f392161840b13d922a3877371276b3243782a859391fef1	56133049
dep1ex08.clj.gz	www.szcz.org	-	depexperiments/dep1ex08.clj.gz	a58f5d30242b29f57725a5cbd7ef08c79ad2abb0c3928f072da22c7e25631058	56132168
dep1ex09.clj.gz	www.szcz.org	-	depexperiments/dep1ex09.clj.gz	b5622338003515d1ce258818896c18d4de9322ce56b97154db9c0874f2247aa8	56135633
dep1ex10.clj.gz	www.szcz.org	-	depexperiments/dep1ex10.clj.gz	9ce6dcda5bfd955d58609dcac54c9431826598f834f0e21c38998843751c1a18	56135809
dep1ex11.clj.gz	www.szcz.org	-	depexperiments/dep1ex11.clj.gz	509dca4ef06c20f2d5c8816402a3637b87d416bdc08458192f976ac686e18052	56135592
dep1ex12.clj.gz	www.szcz.org	-	depexperiments/dep1ex12.clj.gz	abed230e5822d06e838cbef12ddf4d7aa8782c2a9b7976623ff1cf13b8a7bb95	56138672
dep1ex13.clj.gz	www.szcz.org	-	depexperiments/dep1ex13.clj.gz	634a05d11fbbbcde0cf26e013453b8760794629ebfceac8c744187bb928cf98f	56135110
dep1ex14.clj.gz	www.szcz.org	-	depexperiments/dep1ex14.clj.gz	46fd02b6f8e35d0ddd772b930ae5c3d5d4cf574797bcf2623b2a225551621c10	56138366
dep1ex15.clj.gz	www.szcz.org	-	depexperiments/dep1ex15.clj.gz	894e87e6b092d0927cefb445f932dd1e78d49343eff23baffe8fa7b514eb99ef	56132849
dep1ex16.clj.gz	www.szcz.org	-	depexperiments/dep1ex16.clj.gz	14adb1c2ac4b027057c2d462ca621773a836a70a303c7577688ba02882a1dc11	56136381
dep1ex17.clj.gz	www.szcz.org	-	depexperiments/dep1ex17.clj.gz	069a8bb27a9de8a5364e709cb4d731a14f0da83b4a609fddd41a4d05afb4e4df	56138542
dep1ex18.clj.gz	www.szcz.org	-	depexperiments/dep1ex18.clj.gz	80de230928730d66bac18e04d798e7eba9bc1654cad7c715a209edac0cb5e8f2	56134626
dep1ex19.clj.gz	www.szcz.org	-	depexperiments/dep1ex19.clj.gz	b3592beb7fa01e8c5aa75596e52b90185aa50dd3160478ef9bc9c29a33c72a55	56135797
dep1ex20.clj.gz	www.szcz.org	-	depexperiments/dep1ex20.clj.gz	4dd5d11efb95cfaab5164543da1f15790e49090a102dc7899d135089e13ee6d4	56136177
dep1ex21.clj.gz	www.szcz.org	-	depexperiments/dep1ex21.clj.gz	783cead2c08ec449721c14cbf269beb65dd2d0baf270db43eb09dc05837ae102	56134319
dep1ex22.clj.gz	www.szcz.org	-	depexperiments/dep1ex22.clj.gz	f546d176aa2bb35eb7b6a9ead68d8f4968a14835be03659897acd3006b12f917	56134334
dep1ex23.clj.gz	www.szcz.org	-	depexperiments/dep1ex23.clj.gz	2b2d0a85f0f7dc40129c867993b5eaa7bb2d998b56298176963ca5676937fb71	56133519
dep1ex24.clj.gz	www.szcz.org	-	depexperiments/dep1ex24.clj.gz	943318cab1be586737d7d33b88d68fadf7983617b6c6be2908f90ab74b5f4bac	56137465
dep1ex25.clj.gz	www.szcz.org	-	depexperiments/dep1ex25.clj.gz	9908ad9ced7662f8c5d625c67d137cad900adace1faeffa4200e3cd53c4a1587	56136988
dep1ex26.clj.gz	www.szcz.org	-	depexperiments/dep1ex26.clj.gz	3508d3494999c85f3373c517ce50c7aff5a56164151f4250ff83644af629b9fd	56133692
dep1ex27.clj.gz	www.szcz.org	-	depexperiments/dep1ex27.clj.gz	5b89683bc22242ce3950ecb823272f0183e4af2923ea2c55ce48beb7599a81a7	56135566
dep1ex28.clj.gz	www.szcz.org	-	depexperiments/dep1ex28.clj.gz	e85b4eda2cc8b9ead476cfe4cef8562d4c1a95fce8d25772b091218146bf9663	56135545
dep1ex29.clj.gz	www.szcz.org	-	depexperiments/dep1ex29.clj.gz	6f381510bfd46341a8db31402c5f3fcf4f7a3564447e8ebe0488fe90f13bf897	56138757
dep1ex30.clj.gz	www.szcz.org	-	depexperiments/dep1ex30.clj.gz	c2ed171d096d596eb8db7632d339054504dbbe8bea1c0247b206d42dfc211e0b	56137239
dep1ex31.clj.gz	www.szcz.org	-	depexperiments/dep1ex31.clj.gz	43f15d484e45073585c1d4b877a0b77a2685b742409291449e8ca5b1051b1db8	56138203
dep1ex32.clj.gz	www.szcz.org	-	depexperiments/dep1ex32.clj.gz	ecfa991f54c7527c83c57d832e3b8889d9ab4b205035f0029526d1e73c4ff3b1	56134300
dep1ex33.clj.gz	www.szcz.org	-	depexperiments/dep1ex33.clj.gz	90f8e2738f0248bb4c94319862ff0beebde53908d09047a73b1c43a219fb7cd4	56132244
dep1ex34.clj.gz	www.szcz.org	-	depexperiments/dep1ex34.clj.gz	c8f0402d38383ea0c2787467d516c63e1233d97a7c07677eb97adfd52e50967c	56133557
dep1ex35.clj.gz	www.szcz.org	-	depexperiments/dep1ex35.clj.gz	f5af665d1e270ce6c748e72ff1f3501ff2012c8d43e765f75dc5afc79f82b458	56132181
dep1ex36.clj.gz	www.szcz.org	-	depexperiments/dep1ex36.clj.gz	c3992c06157e72dbda3bc275734a410e9b067710eccd45ce3ff835b8f4ebcb22	56135408
dep1ex37.clj.gz	www.szcz.org	-	depexperiments/dep1ex37.clj.gz	90ae08df96775fea8d1c5ae908bf60efecc8b14ed71e1ba3b7002e3943833e4d	56137216
dep1ex38.clj.gz	www.szcz.org	-	depexperiments/dep1ex38.clj.gz	f68799bf4cb5770e26894952e60283de462e6ae953414d375bb0920857cb14ef	56141812
dep1ex39.clj.gz	www.szcz.org	-	depexperiments/dep1ex39.clj.gz	36e7f9dad0f6cada57524d0d591b5c9b5beb2f3cff4b05372975d5f7a48c0734	56138061
dep1ex40.clj.gz	www.szcz.org	-	depexperiments/dep1ex40.clj.gz	f01a4c43a603e7903dcd2dfb8e0caf63af5a58605bf405b787cdb7e3cbed4787	56134826
